Job Title,Company Name,Location,Posted Date,Job Summary,Job URL
Machine Learning Engineer,Netflix,United States,3 weeks ago,"Netflix is one of the world's leading entertainment services, with 283 million paid memberships in over 190 countries enjoying TV series, films and games across a wide variety of genres and languages. Members can play, pause and resume watching as much as they want, anytime, anywhere, and can change",https://www.linkedin.com/jobs/view/machine-learning-engineer-at-netflix-4118831761?position=1&pageNum=0&refId=S5ZaHjthZb38KltTB%2Bb9UQ%3D%3D&trackingId=t%2Fp375s6GOBQWFTYft5CjA%3D%3D
ML Software Engineer (L4/L5) - Media Algorithms,Netflix,"Los Angeles, CA",2 days ago,"Netflix is one of the world's leading entertainment services, with 283 million paid memberships in over 190 countries enjoying TV series, films and games across a wide variety of genres and languages. Members can play, pause and resume watching as much as they want, anytime, anywhere, and can change",https://www.linkedin.com/jobs/view/ml-software-engineer-l4-l5-media-algorithms-at-netflix-4190175859?position=2&pageNum=0&refId=S5ZaHjthZb38KltTB%2Bb9UQ%3D%3D&trackingId=%2FrkhdxmG36gC5k6bGc4nIw%3D%3D
AI Engineer,Paces,"New York, NY",21 hours ago,"In the next 30 years, the world will transform every part of the built environment to be climate positive green infrastructure. Knowing what, where, and how to build infrastructure like solar farms and data centers is one of the great opportunities of our time. However, there are problems!The Proble",https://www.linkedin.com/jobs/view/ai-engineer-at-paces-4238076219?position=3&pageNum=0&refId=S5ZaHjthZb38KltTB%2Bb9UQ%3D%3D&trackingId=zvlOzYc9M2cb%2B1u1Z6OIdQ%3D%3D
AI Engineer,Paces,"Brooklyn, NY",1 day ago,"In the next 30 years, the world will transform every part of the built environment to be climate positive green infrastructure. Knowing what, where, and how to build infrastructure like solar farms and data centers is one of the great opportunities of our time. However, there are problems!The Proble",https://www.linkedin.com/jobs/view/ai-engineer-at-paces-4237696953?position=4&pageNum=0&refId=S5ZaHjthZb38KltTB%2Bb9UQ%3D%3D&trackingId=MUADm%2F3A8egSOUVqVMKxdA%3D%3D
"Software Engineer, Perception ML Data",Nuro,"Mountain View, CA",1 day ago,"Who We AreNuro exists to better everyday life through robotics. Founded in 2016, Nuro has spent eight years developing autonomous driving (AD) technology and commercializing AD applications. The Nuro Driverâ„¢ is our world-class autonomous driving system that combines AD hardware with our generalized ",https://www.linkedin.com/jobs/view/software-engineer-perception-ml-data-at-nuro-4223655091?position=5&pageNum=0&refId=S5ZaHjthZb38KltTB%2Bb9UQ%3D%3D&trackingId=%2FlEZMzpmvOC9hLKDMT5WNw%3D%3D
"Machine Learning Engineer, Training",Waymo,"Mountain View, CA",4 days ago,"Waymo is an autonomous driving technology company with the mission to be the most trusted driver. Since its start as the Google Self-Driving Car Project in 2009, Waymo has focused on building the Waymo Driverâ€”The World's Most Experienced Driverâ„¢â€”to improve access to mobility while saving thousands o",https://www.linkedin.com/jobs/view/machine-learning-engineer-training-at-waymo-4120749289?position=6&pageNum=0&refId=S5ZaHjthZb38KltTB%2Bb9UQ%3D%3D&trackingId=MNW4H1unProivxkxuyWDPg%3D%3D
Software/AI Engineer (New Grad),FurtherAI,"San Francisco, CA",2 weeks ago,"FurtherAIAI Workforce for the Insurance IndustrySoftware/AI Engineer (New Grad)$120K - $180K/ 0.10% - 0.25%LocationSan Francisco, CA, USJob TypeFull-timeExperienceAny (new grads ok)VisaWill sponsorConnect directly with founders of the best YC-funded startups.Apply to role â€ºSashank GondalaCTO/Co-foun",https://www.linkedin.com/jobs/view/software-ai-engineer-new-grad-at-furtherai-4227981415?position=7&pageNum=0&refId=S5ZaHjthZb38KltTB%2Bb9UQ%3D%3D&trackingId=DQxuV2%2BcVhQFUw5ioITzmA%3D%3D
Backend + ML Engineer,Kino AI,"San Francisco, CA",3 months ago,"About Our WorkKino AI is building tools and training models to organize video. We serve top movie and TV studios, and we make editing more productive and enjoyable.We're a deeply technical team from MIT, SpaceX, AWS and Citadel Securities. We're backed by Y Combinator, AI Grant, and many others.Kino",https://www.linkedin.com/jobs/view/backend-%2B-ml-engineer-at-kino-ai-4153684130?position=8&pageNum=0&refId=S5ZaHjthZb38KltTB%2Bb9UQ%3D%3D&trackingId=m7Ik3Mh4wNwpqOYI5Cvomw%3D%3D
ML Engineer,Landbase,"Mountain View, CA",3 months ago,"Landbase leverages the experience of 100+ world class sales professionals and AI to deliver targeted, high-quality leads on autopilot. Our mission is to achieve GTM automation so humans no longer need to work for their software so they can reclaim their day. We're building GTM-1 Omni - the world's f",https://www.linkedin.com/jobs/view/ml-engineer-at-landbase-4138518251?position=9&pageNum=0&refId=S5ZaHjthZb38KltTB%2Bb9UQ%3D%3D&trackingId=qzUDc3HZjSRtNyHb2k12Dw%3D%3D
(General Hire)Machine Learning Engineer Graduate (TikTok Recommendation) - 2025 Start (Master),TikTok,"San Jose, CA",1 week ago,"ResponsibilitiesRecommendation algorithm team plays a central role in the company, driving critical product decisions and platform growth. The team is made up of machine learning researchers and engineers, who support and innovate on production recommendation models and drive product impact. The tea",https://www.linkedin.com/jobs/view/general-hire-machine-learning-engineer-graduate-tiktok-recommendation-2025-start-master-at-tiktok-4119372113?position=10&pageNum=0&refId=S5ZaHjthZb38KltTB%2Bb9UQ%3D%3D&trackingId=V3MFNGKL0VliKPFdJdFx5A%3D%3D
Machine Learning Engineer,Beam,"New York, NY",1 day ago,"Beamis an ultrafast AI inference platform. We built a serverless runtime that launches GPU-backed containers in less than 1 second and quickly scales out to thousands of GPUs. Developers use our platform to serve apps to millions of users around the globe. We're backed by Y Combinator, Tiger Global,",https://www.linkedin.com/jobs/view/machine-learning-engineer-at-beam-4237659269?position=1&pageNum=2&refId=yWHhYfkWfZFxMhEI4TM6kg%3D%3D&trackingId=t4N4ULez8OqT1Fh%2FbYbTiw%3D%3D
AI Developer,Just in Time GCP,"Warrington, PA",1 week ago,"**Join the Just in Time GCP Team!**At Just in Time GCP, we help biotech and pharma companies achieve operational excellence and GCP compliance. We're currently looking for an **AI Developer** to join our team of experts delivering excellence across the life sciences industry.**What You'll Do -- Key ",https://www.linkedin.com/jobs/view/ai-developer-at-just-in-time-gcp-4231421411?position=2&pageNum=2&refId=yWHhYfkWfZFxMhEI4TM6kg%3D%3D&trackingId=y%2BD2jSwSnTaQYVUHWVVWrA%3D%3D
(General Hire) Machine Learning Engineer Graduate (Advertisement Team) - 2025 Start (BS/MSï¼‰,TikTok,"San Jose, CA",1 week ago,"ResponsibilitiesAds/Monetization Technology teams are building the next-generation monetization platforms to help millions of customers grow their businesses, utilizing our products like TikTok. Our teams develop a wide variety of advertisements for numerous uses including feeds, live streaming, bra",https://www.linkedin.com/jobs/view/general-hire-machine-learning-engineer-graduate-advertisement-team-2025-start-bs-ms%EF%BC%89-at-tiktok-4076509739?position=3&pageNum=2&refId=yWHhYfkWfZFxMhEI4TM6kg%3D%3D&trackingId=J30H8wJxhVtCSndrMUH5%2BQ%3D%3D
ML Engineer,Figma,"San Francisco, CA",2 weeks ago,"Figma is growing our team of passionate people on a mission to make design accessible to all. Born on the Web, Figma helps entire product teams brainstorm, design and build better products â€” from start to finish. Whether itâ€™s consolidating tools, simplifying workflows, or collaborating across teams ",https://www.linkedin.com/jobs/view/ml-engineer-at-figma-4079231205?position=4&pageNum=2&refId=yWHhYfkWfZFxMhEI4TM6kg%3D%3D&trackingId=C%2FgvYAcCzbb0BVNzKQBdaw%3D%3D
AI / Machine Learning Engineer (early-career),Lockheed Martin,"Shelton, CT",2 weeks ago,"Basic QualificationsBachelor's degree in computer science, engineering, or another related discipline.Experience using machine learning and/or deep learning frameworks (e.g. PyTorch).Experience with Python.Experience with version control tools and best practices (e.g. git, svn, GitLab, GitHub).Famil",https://www.linkedin.com/jobs/view/ai-machine-learning-engineer-early-career-at-lockheed-martin-4229478871?position=5&pageNum=2&refId=yWHhYfkWfZFxMhEI4TM6kg%3D%3D&trackingId=80oy5BCgczF%2B65eH2DsGRA%3D%3D
AI/ML Engineer,Veracity Software Inc,"New Jersey, United States",1 month ago,"Title: AI/ML EngineerDuration: ContractLocation: Remote/USA/CanadaRequired Skills & Qualifications:3+ years of Strong programming skills in Python with experience in frameworks like FastAPI, Flask, Django.Machine Learning experience, including libraries such as TensorFlow, PyTorch, Scikit-Learn, pro",https://www.linkedin.com/jobs/view/ai-ml-engineer-at-veracity-software-inc-4223027618?position=6&pageNum=2&refId=yWHhYfkWfZFxMhEI4TM6kg%3D%3D&trackingId=YIEdlZqBfc%2FtsmVdCwhVag%3D%3D
"Machine Learning Engineer, Reinforcement Learning",Skild AI,San Francisco Bay Area,1 day ago,"Company OverviewAt Skild AI, we are building the world's first general purpose robotic intelligence that is robust and adapts to unseen scenarios without failing. We believe massive scale through data-driven machine learning is the key to unlocking these capabilities for the widespread deployment of",https://www.linkedin.com/jobs/view/machine-learning-engineer-reinforcement-learning-at-skild-ai-4043212053?position=7&pageNum=2&refId=yWHhYfkWfZFxMhEI4TM6kg%3D%3D&trackingId=EliuBzZ1kkLFOIffKnmzCg%3D%3D
Machine Learning Software Engineer - New College Grad 2025,NVIDIA,"Santa Clara, CA",11 hours ago,"At NVIDIA, weâ€™re building the foundation for the next generation of Physical AI. Our Cosmos team is passionate about developing robust, production-grade open-source Machine Learning software to support machine learning and generative-AI research at scale. Weâ€™re looking for expert-levelPython enginee",https://www.linkedin.com/jobs/view/machine-learning-software-engineer-new-college-grad-2025-at-nvidia-4240611136?position=8&pageNum=2&refId=yWHhYfkWfZFxMhEI4TM6kg%3D%3D&trackingId=sWZ%2FNVzsdM%2FkkLGP%2F%2BM8xQ%3D%3D
Data Scientist / ML Engineer,"Paradyme, a CATHEXIS Company","Redwood City, CA",6 months ago,"OverviewParadyme, a CATHEXIS Company is a rapidly growing government technology leader that puts service first, for its customers, its team and the communities it supports. We harness DevSecOps and Agile development processes to deliver exceptional results for digital transformations. With headquart",https://www.linkedin.com/jobs/view/data-scientist-ml-engineer-at-paradyme-a-cathexis-company-4073657779?position=9&pageNum=2&refId=yWHhYfkWfZFxMhEI4TM6kg%3D%3D&trackingId=sWQEBk3vt2AEWowWGjqI6Q%3D%3D
Machine Learning Engineer,Qualtrics,"Seattle, WA",1 week ago,"At Qualtrics, we create software the worldâ€™s best brands use to deliver exceptional frontline experiences, build high-performing teams, and design products people love. But we are more than a platformâ€”we are the creators and stewards of the Experience Management category serving over 18K clients glo",https://www.linkedin.com/jobs/view/machine-learning-engineer-at-qualtrics-4138467873?position=10&pageNum=2&refId=yWHhYfkWfZFxMhEI4TM6kg%3D%3D&trackingId=gP6VBkd3%2BJBplTT25j0xhA%3D%3D
Machine Learning Engineer,Workday,"Pleasanton, CA",2 days ago,"Your work days are brighter here.At Workday, it all began with a conversation over breakfast. When our founders met at a sunny California diner, they came up with an idea to revolutionize the enterprise software market. And when we began to rise, one thing that really set us apart was our culture. A",https://www.linkedin.com/jobs/view/machine-learning-engineer-at-workday-4236058421?position=1&pageNum=5&refId=azYWcfN5hgcEDWD%2FBVgAqQ%3D%3D&trackingId=gqMGBxKNWGL%2B59VgI044Kw%3D%3D
Machine Learning Engineer,OSARO,"San Francisco, CA",4 months ago,We are searching for a Machine Learning Engineer to help us build upon the intelligence and capabilities of our robots and the machine learning systems that power them. Our products combine state-of-the-art perception algorithms and adaptive decision-making abilities with sophisticated control algor,https://www.linkedin.com/jobs/view/machine-learning-engineer-at-osaro-4133922901?position=2&pageNum=5&refId=azYWcfN5hgcEDWD%2FBVgAqQ%3D%3D&trackingId=C3ncvtHtiviIQtSPpt6R9Q%3D%3D
"Software Engineer, Autonomy-New Grad",Nuro,"Mountain View, CA",22 hours ago,"Who We AreNuro exists to better everyday life through robotics. Founded in 2016, Nuro is a leading autonomous technology company with vehicles on road today in California and Texas. The companyâ€™s core technology is the Nuro Driver, an integrated autonomous driving system consisting of state-of-the-a",https://www.linkedin.com/jobs/view/software-engineer-autonomy-new-grad-at-nuro-4238041603?position=3&pageNum=5&refId=azYWcfN5hgcEDWD%2FBVgAqQ%3D%3D&trackingId=7cpxpHNjmD9O5lgM%2BNFhRQ%3D%3D
Machine Learning Engineer,Dyna Robotics,"Redwood City, CA",6 months ago,"Company OverviewDyna Robotics is at the forefront of revolutionizing robotic manipulation with cutting-edge foundation models. Our mission is to empower businesses by automating repetitive, stationary tasks with affordable, intelligent robotic arms. Leveraging the latest advancements in foundation m",https://www.linkedin.com/jobs/view/machine-learning-engineer-at-dyna-robotics-4077358749?position=4&pageNum=5&refId=azYWcfN5hgcEDWD%2FBVgAqQ%3D%3D&trackingId=2fZYIJYsYEM2l9pcJEiicA%3D%3D
Machine Learning Engineer,Adobe,"San Jose, CA",2 weeks ago,"Our CompanyChanging the world through digital experiences is what Adobeâ€™s all about. We give everyoneâ€”from emerging artists to global brandsâ€”everything they need to design and deliver exceptional digital experiences! Weâ€™re passionate about empowering people to create beautiful and powerful images, v",https://www.linkedin.com/jobs/view/machine-learning-engineer-at-adobe-4153744964?position=5&pageNum=5&refId=azYWcfN5hgcEDWD%2FBVgAqQ%3D%3D&trackingId=OKA15LVQekkEF8jp9dNmVA%3D%3D
"Software Engineer - AI/ML, Multiple Locations",Microsoft,"Redmond, WA",2 weeks ago,"Come build community, explore your passions and do your best work at Microsoft. This opportunity will allow you to bring your aspirations, talent, potential - and excitement for the journey ahead.Weâ€™re a company of learn-it-alls rather than know-it-alls and our culture is centered around embracing a",https://www.linkedin.com/jobs/view/software-engineer-ai-ml-multiple-locations-at-microsoft-4114181679?position=6&pageNum=5&refId=azYWcfN5hgcEDWD%2FBVgAqQ%3D%3D&trackingId=2odltwpmkGovBQqNURZtNg%3D%3D
Machine Learning Engineer,ShyftLabs,"Atlanta, GA",1 week ago,"Position Overview:ShyftLabs is seeking an experienced Machine Learning Engineer to join our growing team in Atlanta. You will be responsible for designing, building, and maintaining scalable ML infrastructure and deploying production-ready machine learning solutions that drive business impact. This ",https://www.linkedin.com/jobs/view/machine-learning-engineer-at-shyftlabs-4236177197?position=7&pageNum=5&refId=azYWcfN5hgcEDWD%2FBVgAqQ%3D%3D&trackingId=KTwq0NMBPVrjl2EV%2BSARyg%3D%3D
Machine Learning Engineer,IUNU,"Seattle, WA",1 month ago,"At IUNU (â€œyou knewâ€™), weâ€™re revolutionizing the agriculture industry through cutting-edge AI-driven solutions for greenhouse operations. Our mission is to empower growers with insights that drive operational efficiency, enhance crop yields, and reduce environmental impact. We are seeking a Machine L",https://www.linkedin.com/jobs/view/machine-learning-engineer-at-iunu-4214088994?position=8&pageNum=5&refId=azYWcfN5hgcEDWD%2FBVgAqQ%3D%3D&trackingId=%2BBIIrLbKer%2BQBN3JivAK8Q%3D%3D
Machine Learning Engineer,Baselayer,"San Francisco, CA",6 days ago,"About Baselayer: With experience across far-ranging banks, Fortune 500 tech coâ€™s, fintech unicorns ðŸ¦„, and AI experts, Baselayer is built by financial institutions, for financial institutions. Started in 2023 by experienced founders Jonathan Awad and Timothy Hyde, Baselayer has raised $20 Million and",https://www.linkedin.com/jobs/view/machine-learning-engineer-at-baselayer-4187057022?position=9&pageNum=5&refId=azYWcfN5hgcEDWD%2FBVgAqQ%3D%3D&trackingId=JX2wgB9RatZwYxo2WnkPVw%3D%3D
ML Engineer Graduate - (Data-Search-TikTok.US - Seattle) - 2025 Start (BS/MS),TikTok,"Seattle, WA",3 weeks ago,"ResponsibilitiesOn the TikTok Search Team, you will have the opportunity to develop and apply cutting edge machine learning technologies in real-time large-scale systems, which serve billions of search requests every day. Via advanced NLP and multi-modal models, our projects impact and improve the s",https://www.linkedin.com/jobs/view/ml-engineer-graduate-data-search-tiktok-us-seattle-2025-start-bs-ms-at-tiktok-4086297645?position=10&pageNum=5&refId=azYWcfN5hgcEDWD%2FBVgAqQ%3D%3D&trackingId=Ab0DggPam8IX3g%2B%2B8ZarYA%3D%3D
